-- phpMyAdmin SQL Dump
-- version 4.8.2
-- https://www.phpmyadmin.net/
--
-- Host: 127.0.0.1
-- Generation Time: Mar 13, 2019 at 04:15 AM
-- Server version: 10.1.34-MariaDB
-- PHP Version: 7.2.8

SET SQL_MODE = "NO_AUTO_VALUE_ON_ZERO";
SET AUTOCOMMIT = 0;
START TRANSACTION;
SET time_zone = "+00:00";


/*!40101 SET @OLD_CHARACTER_SET_CLIENT=@@CHARACTER_SET_CLIENT */;
/*!40101 SET @OLD_CHARACTER_SET_RESULTS=@@CHARACTER_SET_RESULTS */;
/*!40101 SET @OLD_COLLATION_CONNECTION=@@COLLATION_CONNECTION */;
/*!40101 SET NAMES utf8mb4 */;

--
-- Database: `slotify`
--

-- --------------------------------------------------------

--
-- Table structure for table `albums`
--

CREATE TABLE `albums` (
  `id` int(11) NOT NULL,
  `title` varchar(250) NOT NULL,
  `artist` int(11) NOT NULL,
  `genre` int(11) NOT NULL,
  `artworkPath` varchar(500) NOT NULL
) ENGINE=InnoDB DEFAULT CHARSET=latin1;

--
-- Dumping data for table `albums`
--

INSERT INTO `albums` (`id`, `title`, `artist`, `genre`, `artworkPath`) VALUES
(1, 'Arijit Singh', 1, 1, 'assets/images/artwork/arijit.png'),
(3, 'Bengali Adhunik', 3, 3, 'assets/images/artwork/prithivi.jpg');

-- --------------------------------------------------------

--
-- Table structure for table `artists`
--

CREATE TABLE `artists` (
  `id` int(11) NOT NULL,
  `name` varchar(50) NOT NULL
) ENGINE=InnoDB DEFAULT CHARSET=latin1;

--
-- Dumping data for table `artists`
--

INSERT INTO `artists` (`id`, `name`) VALUES
(1, 'Arijit Singh'),
(2, 'Unknown'),
(3, 'Bengali Singer');

-- --------------------------------------------------------

--
-- Table structure for table `genres`
--

CREATE TABLE `genres` (
  `id` int(11) NOT NULL,
  `name` varchar(50) NOT NULL
) ENGINE=InnoDB DEFAULT CHARSET=latin1;

--
-- Dumping data for table `genres`
--

INSERT INTO `genres` (`id`, `name`) VALUES
(1, 'Romantic'),
(2, 'Spirituality'),
(3, 'Bengali Adhunik');

-- --------------------------------------------------------

--
-- Table structure for table `playlists`
--

CREATE TABLE `playlists` (
  `id` int(11) NOT NULL,
  `name` varchar(50) NOT NULL,
  `owner` varchar(50) NOT NULL,
  `dateCreated` datetime NOT NULL
) ENGINE=InnoDB DEFAULT CHARSET=latin1;

--
-- Dumping data for table `playlists`
--

INSERT INTO `playlists` (`id`, `name`, `owner`, `dateCreated`) VALUES
(4, 'Soumit', 'Soumit@996', '2019-03-11 00:00:00'),
(6, 'ijkjjk', 'ijaj884', '2019-03-11 00:00:00');

-- --------------------------------------------------------

--
-- Table structure for table `playlistsongs`
--

CREATE TABLE `playlistsongs` (
  `id` int(11) NOT NULL,
  `songId` int(11) NOT NULL,
  `playlistId` int(11) NOT NULL,
  `playlistOrder` int(11) NOT NULL
) ENGINE=InnoDB DEFAULT CHARSET=latin1;

--
-- Dumping data for table `playlistsongs`
--

INSERT INTO `playlistsongs` (`id`, `songId`, `playlistId`, `playlistOrder`) VALUES
(1, 35, 4, 0),
(2, 33, 4, 1),
(3, 1, 6, 0);

-- --------------------------------------------------------

--
-- Table structure for table `songs`
--

CREATE TABLE `songs` (
  `id` int(11) NOT NULL,
  `title` varchar(250) NOT NULL,
  `artist` int(11) NOT NULL,
  `album` int(11) NOT NULL,
  `genre` int(11) NOT NULL,
  `duration` varchar(8) NOT NULL,
  `path` varchar(500) NOT NULL,
  `albumOrder` int(11) NOT NULL,
  `plays` int(11) NOT NULL
) ENGINE=InnoDB DEFAULT CHARSET=latin1;

--
-- Dumping data for table `songs`
--

INSERT INTO `songs` (`id`, `title`, `artist`, `album`, `genre`, `duration`, `path`, `albumOrder`, `plays`) VALUES
(1, 'Nava Graha Mantra', 2, 2, 2, '3:42', 'assets/music/Navgraha.mp3', 2, 5),
(33, 'Channa Mereya', 1, 1, 1, '5:35', 'assets\\music\\Channa Mereya.mp3', 1, 9),
(34, 'kehte hain khuda ne', 1, 1, 1, '4:04', 'assets\\music\\kehte hain khuda ne.mp3', 1, 5),
(35, 'Prithibita-Naki.mp3', 3, 3, 3, '6:04', 'assets\\music\\Prithibita-Naki.mp3', 3, 6);

-- --------------------------------------------------------

--
-- Table structure for table `users`
--

CREATE TABLE `users` (
  `id` int(11) NOT NULL,
  `username` varchar(25) NOT NULL,
  `firstName` varchar(50) NOT NULL,
  `lastName` varchar(50) NOT NULL,
  `email` varchar(200) NOT NULL,
  `password` varchar(32) NOT NULL,
  `signUpDate` datetime NOT NULL,
  `profilePic` varchar(500) NOT NULL
) ENGINE=InnoDB DEFAULT CHARSET=latin1;

--
-- Dumping data for table `users`
--

INSERT INTO `users` (`id`, `username`, `firstName`, `lastName`, `email`, `password`, `signUpDate`, `profilePic`) VALUES
(1, 'Soumit@996', 'Soumit', 'Acharjee', 'Soumit4@gmail.com', 'e3de11a0442c52a0413cfe2a3a15cc51', '2019-03-10 00:00:00', 'assets/images/profile-pics/head_emerald.png'),
(2, 'ijaj884', 'Ijaj', 'Ahmed', 'Ijaj884@gmail.com', '68f05beb38bc993c1da53b64364e649e', '2019-03-11 00:00:00', 'assets/images/profile-pics/head_emerald.png');

--
-- Indexes for dumped tables
--

--
-- Indexes for table `albums`
--
ALTER TABLE `albums`
  ADD PRIMARY KEY (`id`);

--
-- Indexes for table `artists`
--
ALTER TABLE `artists`
  ADD PRIMARY KEY (`id`);

--
-- Indexes for table `genres`
--
ALTER TABLE `genres`
  ADD PRIMARY KEY (`id`);

--
-- Indexes for table `playlists`
--
ALTER TABLE `playlists`
  ADD PRIMARY KEY (`id`);

--
-- Indexes for table `playlistsongs`
--
ALTER TABLE `playlistsongs`
  ADD PRIMARY KEY (`id`);

--
-- Indexes for table `songs`
--
ALTER TABLE `songs`
  ADD PRIMARY KEY (`id`);

--
-- Indexes for table `users`
--
ALTER TABLE `users`
  ADD PRIMARY KEY (`id`);

--
-- AUTO_INCREMENT for dumped tables
--

--
-- AUTO_INCREMENT for table `albums`
--
ALTER TABLE `albums`
  MODIFY `id` int(11) NOT NULL AUTO_INCREMENT, AUTO_INCREMENT=4;

--
-- AUTO_INCREMENT for table `artists`
--
ALTER TABLE `artists`
  MODIFY `id` int(11) NOT NULL AUTO_INCREMENT, AUTO_INCREMENT=4;

--
-- AUTO_INCREMENT for table `genres`
--
ALTER TABLE `genres`
  MODIFY `id` int(11) NOT NULL AUTO_INCREMENT, AUTO_INCREMENT=4;

--
-- AUTO_INCREMENT for table `playlists`
--
ALTER TABLE `playlists`
  MODIFY `id` int(11) NOT NULL AUTO_INCREMENT, AUTO_INCREMENT=7;

--
-- AUTO_INCREMENT for table `playlistsongs`
--
ALTER TABLE `playlistsongs`
  MODIFY `id` int(11) NOT NULL AUTO_INCREMENT, AUTO_INCREMENT=4;

--
-- AUTO_INCREMENT for table `songs`
--
ALTER TABLE `songs`
  MODIFY `id` int(11) NOT NULL AUTO_INCREMENT, AUTO_INCREMENT=36;

--
-- AUTO_INCREMENT for table `users`
--
ALTER TABLE `users`
  MODIFY `id` int(11) NOT NULL AUTO_INCREMENT, AUTO_INCREMENT=3;
COMMIT;

/*!40101 SET CHARACTER_SET_CLIENT=@OLD_CHARACTER_SET_CLIENT */;
/*!40101 SET CHARACTER_SET_RESULTS=@OLD_CHARACTER_SET_RESULTS */;
/*!40101 SET COLLATION_CONNECTION=@OLD_COLLATION_CONNECTION */;
